,,2023,Censo,37469458,,
,,2023,Votantes,24952447,66.6,
,,2023,Nulos,264360,,
,,2023,V&aacute;lidos,24688087,,
,,2023,Blancos,200673,,
,,2023,Partido Popular (PP),8160837,33.1,137
,,2023,Partido Socialista Obrero Espa&ntilde;ol (PSOE),7821718,31.7,121
,,2023,VOX (VOX),3057000,12.4,33
,,2023,Sumar (SUMAR),3044996,12.3,31
,,2023,Esquerra Republicana de Catalunya (ERC),466020,1.9,7
,,2023,Junts (JUNTS),395429,1.6,7
,,2023,Euskal Herria Bildu (EH Bildu),335129,1.4,6
,,2023,Euzko Alderdi Jeltzalea-Partido Nacionalista Vasco (EAJ-PNV),277289,1.1,5
,,2023,Bloque Nacionalista Galego (BNG),153995,0.6,1
,,2023,Coalici&oacute;n Canaria (CCa),116363,0.5,1
,,2023,Uni&oacute;n del Pueblo Navarro (UPN),52188,0.2,1
,,2023,Partido Animalista con el Medio Ambiente (PACMA),169237,0.7,0
,,2023,Candidatura d'Unitat Popular-Per la Ruptura (CUP-PR),99644,0.4,0
,,2023,Frente Obrero (FO),46274,0.2,0
,,2023,Nueva Canarias-Bloque Canarista (NC-bc),45595,0.2,0
,,2023,Partit Dem&ograve;crata Europeu Catal&agrave;-Espai CIU (PDeCAT-E-CiU),32016,0.1,0
,,2023,Recortes Cero (RECORTES CERO),23421,0.1,0
,,2023,Por un Mundo m&aacute;s Justo (PUM+J),23290,0.1,0
,,2023,Uni&oacute;n del Pueblo Leon&eacute;s (UPL),23201,0.1,0
,,2023,Coalici&oacute;n Existe (EXISTE),20440,0.1,0
,,2023,Otros,123332,0.5,0
01,,2023,Censo,6669641,,
01,,2023,Votantes,4442464,66.6,
01,,2023,Nulos,59446,,
01,,2023,V&aacute;lidos,4383018,,
01,,2023,Blancos,41339,,
01,,2023,Partido Popular (PP),1596044,36.4,25
01,,2023,Partido Socialista Obrero Espa&ntilde;ol (PSOE),1467501,33.5,21
01,,2023,VOX (VOX),671507,15.3,9
01,,2023,Sumar (SUMAR),525371,12.0,6
01,,2023,Partido Animalista con el Medio Ambiente (PACMA),34850,0.8,0
01,,2023,Frente Obrero (FO),7106,0.2,0
01,,2023,Por un Mundo m&aacute;s Justo (PUM+J),6419,0.1,0
01,,2023,Recortes Cero (RECORTES CERO),3769,0.1,0
01,,2023,Otros,29112,0.7,0
02,,2023,Censo,1019803,,
02,,2023,Votantes,721119,70.7,
02,,2023,Nulos,6606,,
02,,2023,V&aacute;lidos,714513,,
02,,2023,Blancos,6320,,
02,,2023,Partido Popular (PP),259145,36.3,7
02,,2023,Partido Socialista Obrero Espa&ntilde;ol (PSOE),222391,31.1,4
02,,2023,VOX (VOX),104463,14.6,1
02,,2023,Sumar (SUMAR),87825,12.3,1
02,,2023,Coalici&oacute;n Existe (EXISTE),20440,2.9,0
02,,2023,Partido Animalista con el Medio Ambiente (PACMA),3098,0.4,0
02,,2023,Frente Obrero (FO),1378,0.2,0
02,,2023,Por un Mundo m&aacute;s Justo (PUM+J),569,0.1,0
02,,2023,Recortes Cero (RECORTES CERO),419,0.1,0
02,,2023,Otros,8465,1.2,0
05,,2023,Censo,1780099,,
05,,2023,Votantes,1035689,58.2,
05,,2023,Nulos,11979,,
05,,2023,V&aacute;lidos,1023710,,
05,,2023,Blancos,8150,,
05,,2023,Partido Socialista Obrero Espa&ntilde;ol (PSOE),341261,33.3,6
05,,2023,Partido Popular (PP),311627,30.4,6
05,,2023,Coalici&oacute;n Canaria (CCa),116363,11.4,1
05,,2023,Sumar (SUMAR),108001,10.5,1
05,,2023,VOX (VOX),77343,7.6,1
05,,2023,Nueva Canarias-Bloque Canarista (NC-bc),45595,4.5,0
05,,2023,Partido Animalista con el Medio Ambiente (PACMA),9717,0.9,0
05,,2023,Frente Obrero (FO),2254,0.2,0
05,,2023,Recortes Cero (RECORTES CERO),1162,0.1,0
05,,2023,Por un Mundo m&aacute;s Justo (PUM+J),563,0.1,0
05,,2023,Otros,1674,0.2,0
07,,2023,Censo,1591727,,
07,,2023,Votantes,1161824,73.0,
07,,2023,Nulos,15733,,
07,,2023,V&aacute;lidos,1146091,,
07,,2023,Blancos,8910,,
07,,2023,Partido Popular (PP),445991,38.9,10
07,,2023,Partido Socialista Obrero Espa&ntilde;ol (PSOE),391503,34.2,8
07,,2023,VOX (VOX),203666,17.8,3
07,,2023,Sumar (SUMAR),84347,7.4,0
07,,2023,Partido Animalista con el Medio Ambiente (PACMA),6030,0.5,0
07,,2023,Frente Obrero (FO),2324,0.2,0
07,,2023,Por un Mundo m&aacute;s Justo (PUM+J),1549,0.1,0
07,,2023,Recortes Cero (RECORTES CERO),913,0.1,0
07,,2023,Otros,858,0.1,0
08,,2023,Censo,2083736,,
08,,2023,Votantes,1446315,69.4,
08,,2023,Nulos,15377,,
08,,2023,V&aacute;lidos,1430938,,
08,,2023,Blancos,11043,,
08,,2023,Partido Popular (PP),594485,41.5,18
08,,2023,Partido Socialista Obrero Espa&ntilde;ol (PSOE),462788,32.3,12
08,,2023,VOX (VOX),197172,13.8,1
08,,2023,Sumar (SUMAR),100737,7.0,0
08,,2023,Uni&oacute;n del Pueblo Leon&eacute;s (UPL),23201,1.6,0
08,,2023,Partido Animalista con el Medio Ambiente (PACMA),4858,0.3,0
08,,2023,Frente Obrero (FO),2521,0.2,0
08,,2023,Por un Mundo m&aacute;s Justo (PUM+J),1520,0.1,0
08,,2023,Recortes Cero (RECORTES CERO),672,0.0,0
08,,2023,Otros,31941,2.2,0
09,,2023,Censo,5703784,,
09,,2023,Votantes,3575234,62.7,
09,,2023,Nulos,32205,,
09,,2023,V&aacute;lidos,3543029,,
09,,2023,Blancos,29267,,
09,,2023,Partit dels Socialistes de Catalunya (PSC-PSOE),1221335,34.5,19
09,,2023,Sumar - En Com&uacute; Podem (SUMAR - ECP),497617,14.0,7
09,,2023,Esquerra Republicana de Catalunya (ERC),466020,13.2,7
09,,2023,Junts (JUNTS),395429,11.2,7
09,,2023,Partido Popular (PP),473620,13.4,6
09,,2023,VOX (VOX),275080,7.8,2
09,,2023,Candidatura d'Unitat Popular-Per la Ruptura (CUP-PR),99644,2.8,0
09,,2023,Partido Animalista con el Medio Ambiente (PACMA),36881,1.0,0
09,,2023,Partit Dem&ograve;crata Europeu Catal&agrave;-Espai CIU (PDeCAT-E-CiU),32016,0.9,0
09,,2023,Frente Obrero (FO),7526,0.2,0
09,,2023,Recortes Cero (RECORTES CERO),3739,0.1,0
09,,2023,Otros,4855,0.1,0
10,,2023,Censo,890193,,
10,,2023,Votantes,637980,71.7,
10,,2023,Nulos,10668,,
10,,2023,V&aacute;lidos,627312,,
10,,2023,Blancos,4946,,
10,,2023,Partido Socialista Obrero Espa&ntilde;ol (PSOE),245165,39.1,4
10,,2023,Partido Popular (PP),237701,37.9,4
10,,2023,VOX (VOX),85568,13.6,1
10,,2023,Sumar (SUMAR),43132,6.9,0
10,,2023,Partido Animalista con el Medio Ambiente (PACMA),2209,0.4,0
10,,2023,Frente Obrero (FO),793,0.1,0
10,,2023,Por un Mundo m&aacute;s Justo (PUM+J),713,0.1,0
10,,2023,Recortes Cero (RECORTES CERO),315,0.1,0
10,,2023,Otros,6770,1.1,0
11,,2023,Censo,2688627,,
11,,2023,Votantes,1651086,61.4,
11,,2023,Nulos,15423,,
11,,2023,V&aacute;lidos,1635663,,
11,,2023,Blancos,11422,,
11,,2023,Partido Popular (PP),712881,43.6,13
11,,2023,Partido dos Socialistas de Galicia-PSOE (PSdeG-PSOE),486832,29.8,7
11,,2023,Sumar (SUMAR),178691,10.9,2
11,,2023,Bloque Nacionalista Galego (BNG),153995,9.4,1
11,,2023,VOX (VOX),79672,4.9,0
11,,2023,Partido Animalista con el Medio Ambiente (PACMA),7444,0.5,0
11,,2023,Frente Obrero (FO),2310,0.1,0
11,,2023,Recortes Cero (RECORTES CERO),1268,0.1,0
11,,2023,Por un Mundo m&aacute;s Justo (PUM+J),293,0.0,0
11,,2023,Otros,855,0.1,0
14,,2023,Censo,1789070,,
14,,2023,Votantes,1164447,65.1,
14,,2023,Nulos,9026,,
14,,2023,V&aacute;lidos,1155421,,
14,,2023,Blancos,6118,,
14,,2023,Partido Socialista de Euskadi-Euskadiko Ezkerra (PSE-EE/PSOE),291932,25.3,5
14,,2023,Euzko Alderdi Jeltzalea-Partido Nacionalista Vasco (EAJ-PNV),277289,24.0,5
14,,2023,Euskal Herria Bildu (EH Bildu),276175,23.9,5
14,,2023,Partido Popular (PP),133466,11.6,2
14,,2023,Sumar (SUMAR),128234,11.1,1
14,,2023,VOX (VOX),30519,2.6,0
14,,2023,Partido Animalista con el Medio Ambiente (PACMA),5070,0.4,0
14,,2023,Frente Obrero (FO),1813,0.2,0
14,,2023,Recortes Cero (RECORTES CERO),1152,0.1,0
14,,2023,Por un Mundo m&aacute;s Justo (PUM+J),1059,0.1,0
14,,2023,Otros,2594,0.2,0
17,,2023,Censo,3736481,,
17,,2023,Votantes,2671610,71.5,
17,,2023,Nulos,27327,,
17,,2023,V&aacute;lidos,2644283,,
17,,2023,Blancos,20040,,
17,,2023,Partido Popular (PP),922064,34.9,13
17,,2023,Partido Socialista Obrero Espa&ntilde;ol (PSOE),849620,32.1,11
17,,2023,VOX (VOX),413703,15.6,5
17,,2023,Comprom&iacute;s - Sumar (SUMAR - COMPROM&Iacute;S) ,402813,15.2,4
17,,2023,Partido Animalista con el Medio Ambiente (PACMA),19637,0.7,0
17,,2023,Frente Obrero (FO),5364,0.2,0
17,,2023,Recortes Cero (RECORTES CERO),3401,0.1,0
17,,2023,Por un Mundo m&aacute;s Justo (PUM+J),1778,0.1,0
17,,2023,Otros,5863,0.2,0
14,01,2023,Censo,260214,,
14,01,2023,Votantes,170538,65.5,
14,01,2023,Nulos,1431,,
14,01,2023,V&aacute;lidos,169107,,
14,01,2023,Blancos,722,,
14,01,2023,Partido Socialista de Euskadi-Euskadiko Ezkerra (PSE-EE/PSOE),46775,27.7,1
14,01,2023,Euskal Herria Bildu (EH Bildu),32987,19.5,1
14,01,2023,Partido Popular (PP),30212,17.9,1
14,01,2023,Euzko Alderdi Jeltzalea-Partido Nacionalista Vasco (EAJ-PNV),28075,16.6,1
14,01,2023,Sumar (SUMAR),21561,12.7,0
14,01,2023,VOX (VOX),6573,3.9,0
14,01,2023,Partido Animalista con el Medio Ambiente (PACMA),773,0.5,0
14,01,2023,Frente Obrero (FO),354,0.2,0
14,01,2023,Recortes Cero (RECORTES CERO),185,0.1,0
14,01,2023,Por un Mundo m&aacute;s Justo (PUM+J),106,0.1,0
14,01,2023,Otros,784,0.5,0
07,02,2023,Censo,307988,,
07,02,2023,Votantes,223917,72.7,
07,02,2023,Nulos,2726,,
07,02,2023,V&aacute;lidos,221191,,
07,02,2023,Blancos,1834,,
07,02,2023,Partido Popular (PP),88299,39.9,2
07,02,2023,Partido Socialista Obrero Espa&ntilde;ol (PSOE),76322,34.5,2
07,02,2023,VOX (VOX),36750,16.6,0
07,02,2023,Sumar (SUMAR),15834,7.2,0
07,02,2023,Partido Animalista con el Medio Ambiente (PACMA),1261,0.6,0
07,02,2023,Frente Obrero (FO),381,0.2,0
07,02,2023,Por un Mundo m&aacute;s Justo (PUM+J),325,0.1,0
07,02,2023,Recortes Cero (RECORTES CERO),185,0.1,0
17,03,2023,Censo,1306311,,
17,03,2023,Votantes,908842,69.6,
17,03,2023,Nulos,9650,,
17,03,2023,V&aacute;lidos,899192,,
17,03,2023,Blancos,6575,,
17,03,2023,Partido Popular (PP),330293,36.7,5
17,03,2023,Partido Socialista Obrero Espa&ntilde;ol (PSOE),287737,32.0,4
17,03,2023,VOX (VOX),146133,16.3,2
17,03,2023,Comprom&iacute;s - Sumar (SUMAR - COMPROM&Iacute;S) ,115787,12.9,1
17,03,2023,Partido Animalista con el Medio Ambiente (PACMA),7335,0.8,0
17,03,2023,Frente Obrero (FO),1724,0.2,0
17,03,2023,Recortes Cero (RECORTES CERO),1135,0.1,0
17,03,2023,Otros,2473,0.3,0
01,04,2023,Censo,516114,,
01,04,2023,Votantes,324405,62.9,
01,04,2023,Nulos,3163,,
01,04,2023,V&aacute;lidos,321242,,
01,04,2023,Blancos,2464,,
01,04,2023,Partido Popular (PP),131524,40.9,3
01,04,2023,Partido Socialista Obrero Espa&ntilde;ol (PSOE),93282,29.0,2
01,04,2023,VOX (VOX),68364,21.3,1
01,04,2023,Sumar (SUMAR),21485,6.7,0
01,04,2023,Partido Animalista con el Medio Ambiente (PACMA),1962,0.6,0
01,04,2023,Frente Obrero (FO),500,0.2,0
01,04,2023,Por un Mundo m&aacute;s Justo (PUM+J),371,0.1,0
01,04,2023,Recortes Cero (RECORTES CERO),206,0.1,0
01,04,2023,Otros,1084,0.3,0
08,05,2023,Censo,136669,,
08,05,2023,Votantes,99120,72.5,
08,05,2023,Nulos,1164,,
08,05,2023,V&aacute;lidos,97956,,
08,05,2023,Blancos,632,,
08,05,2023,Partido Popular (PP),42369,43.3,2
08,05,2023,Partido Socialista Obrero Espa&ntilde;ol (PSOE),26828,27.4,1
08,05,2023,VOX (VOX),15068,15.4,0
08,05,2023,Sumar (SUMAR),5027,5.1,0
08,05,2023,Partido Animalista con el Medio Ambiente (PACMA),275,0.3,0
08,05,2023,Frente Obrero (FO),100,0.1,0
08,05,2023,Por un Mundo m&aacute;s Justo (PUM+J),91,0.1,0
08,05,2023,Recortes Cero (RECORTES CERO),42,0.0,0
08,05,2023,Otros,7524,7.7,0
10,06,2023,Censo,550702,,
10,06,2023,Votantes,398233,72.3,
10,06,2023,Nulos,6772,,
10,06,2023,V&aacute;lidos,391461,,
10,06,2023,Blancos,3225,,
10,06,2023,Partido Socialista Obrero Espa&ntilde;ol (PSOE),153473,39.2,2
10,06,2023,Partido Popular (PP),148068,37.8,2
10,06,2023,VOX (VOX),53492,13.7,1
10,06,2023,Sumar (SUMAR),26778,6.8,0
10,06,2023,Partido Animalista con el Medio Ambiente (PACMA),1395,0.4,0
10,06,2023,Frente Obrero (FO),477,0.1,0
10,06,2023,Por un Mundo m&aacute;s Justo (PUM+J),464,0.1,0
10,06,2023,Recortes Cero (RECORTES CERO),204,0.1,0
10,06,2023,Otros,3885,1.0,0
04,07,2023,Censo,828755,,
04,07,2023,Votantes,508233,61.3,
04,07,2023,Nulos,4953,,
04,07,2023,V&aacute;lidos,503280,,
04,07,2023,Blancos,4704,,
04,07,2023,Partido Popular (PP),179303,35.6,3
04,07,2023,Partido Socialista Obrero Espa&ntilde;ol (PSOE),151786,30.2,3
04,07,2023,Sumar M&Eacute;S (SUMAR M&Eacute;S),83487,16.6,1
04,07,2023,VOX (VOX),76547,15.2,1
04,07,2023,Partido Animalista con el Medio Ambiente (PACMA),4969,1.0,0
04,07,2023,Frente Obrero (FO),1039,0.2,0
04,07,2023,Recortes Cero (RECORTES CERO),726,0.1,0
04,07,2023,Otros,719,0.1,0
09,08,2023,Censo,4243500,,
09,08,2023,Votantes,2688720,63.4,
09,08,2023,Nulos,21242,,
09,08,2023,V&aacute;lidos,2667478,,
09,08,2023,Blancos,21059,,
09,08,2023,Partit dels Socialistes de Catalunya (PSC-PSOE),952347,35.7,13
09,08,2023,Sumar - En Com&uacute; Podem (SUMAR - ECP),405993,15.2,5
09,08,2023,Partido Popular (PP),367519,13.8,5
09,08,2023,Esquerra Republicana de Catalunya (ERC),328697,12.3,4
09,08,2023,Junts (JUNTS),258159,9.7,3
09,08,2023,VOX (VOX),201775,7.6,2
09,08,2023,Candidatura d'Unitat Popular-Per la Ruptura (CUP-PR),67266,2.5,0
09,08,2023,Partido Animalista con el Medio Ambiente (PACMA),28201,1.1,0
09,08,2023,Partit Dem&ograve;crata Europeu Catal&agrave;-Espai CIU (PDeCAT-E-CiU),24452,0.9,0
09,08,2023,Frente Obrero (FO),6048,0.2,0
09,08,2023,Recortes Cero (RECORTES CERO),3104,0.1,0
09,08,2023,Otros,2858,0.1,0
08,09,2023,Censo,296401,,
08,09,2023,Votantes,204886,69.1,
08,09,2023,Nulos,2317,,
08,09,2023,V&aacute;lidos,202569,,
08,09,2023,Blancos,1851,,
08,09,2023,Partido Popular (PP),82329,40.6,2
08,09,2023,Partido Socialista Obrero Espa&ntilde;ol (PSOE),69775,34.4,2
08,09,2023,VOX (VOX),25858,12.8,0
08,09,2023,Sumar (SUMAR),17508,8.6,0
08,09,2023,Partido Animalista con el Medio Ambiente (PACMA),943,0.5,0
08,09,2023,Frente Obrero (FO),490,0.2,0
08,09,2023,Por un Mundo m&aacute;s Justo (PUM+J),354,0.2,0
08,09,2023,Recortes Cero (RECORTES CERO),154,0.1,0
08,09,2023,Otros,3307,1.6,0
10,10,2023,Censo,339491,,
10,10,2023,Votantes,239747,70.6,
10,10,2023,Nulos,3896,,
10,10,2023,V&aacute;lidos,235851,,
10,10,2023,Blancos,1721,,
10,10,2023,Partido Socialista Obrero Espa&ntilde;ol (PSOE),91692,38.9,2
10,10,2023,Partido Popular (PP),89633,38.0,2
10,10,2023,VOX (VOX),32076,13.6,0
10,10,2023,Sumar (SUMAR),16354,6.9,0
10,10,2023,Partido Animalista con el Medio Ambiente (PACMA),814,0.3,0
10,10,2023,Frente Obrero (FO),316,0.1,0
10,10,2023,Por un Mundo m&aacute;s Justo (PUM+J),249,0.1,0
10,10,2023,Recortes Cero (RECORTES CERO),111,0.0,0
10,10,2023,Otros,2885,1.2,0
01,11,2023,Censo,1017958,,
01,11,2023,Votantes,644801,63.3,
01,11,2023,Nulos,7703,,
01,11,2023,V&aacute;lidos,637098,,
01,11,2023,Blancos,7103,,
01,11,2023,Partido Popular (PP),221703,34.8,4
01,11,2023,Partido Socialista Obrero Espa&ntilde;ol (PSOE),211200,33.2,3
01,11,2023,VOX (VOX),96720,15.2,1
01,11,2023,Sumar (SUMAR),82115,12.9,1
01,11,2023,Partido Animalista con el Medio Ambiente (PACMA),5937,0.9,0
01,11,2023,Frente Obrero (FO),1225,0.2,0
01,11,2023,Por un Mundo m&aacute;s Justo (PUM+J),673,0.1,0
01,11,2023,Recortes Cero (RECORTES CERO),486,0.1,0
01,11,2023,Otros,9936,1.6,0
17,12,2023,Censo,430830,,
17,12,2023,Votantes,311581,72.3,
17,12,2023,Nulos,3651,,
17,12,2023,V&aacute;lidos,307930,,
17,12,2023,Blancos,2655,,
17,12,2023,Partido Popular (PP),108302,35.2,2
17,12,2023,Partido Socialista Obrero Espa&ntilde;ol (PSOE),100530,32.6,2
17,12,2023,VOX (VOX),48913,15.9,1
17,12,2023,Comprom&iacute;s - Sumar (SUMAR - COMPROM&Iacute;S) ,44187,14.3,0
17,12,2023,Partido Animalista con el Medio Ambiente (PACMA),1968,0.6,0
17,12,2023,Frente Obrero (FO),721,0.2,0
17,12,2023,Recortes Cero (RECORTES CERO),493,0.2,0
17,12,2023,Otros,161,0.1,0
07,13,2023,Censo,391495,,
07,13,2023,Votantes,286895,73.3,
07,13,2023,Nulos,3916,,
07,13,2023,V&aacute;lidos,282979,,
07,13,2023,Blancos,2353,,
07,13,2023,Partido Popular (PP),114709,40.5,2
07,13,2023,Partido Socialista Obrero Espa&ntilde;ol (PSOE),100102,35.4,2
07,13,2023,VOX (VOX),46046,16.3,1
07,13,2023,Sumar (SUMAR),17405,6.2,0
07,13,2023,Partido Animalista con el Medio Ambiente (PACMA),1319,0.5,0
07,13,2023,Frente Obrero (FO),447,0.2,0
07,13,2023,Por un Mundo m&aacute;s Justo (PUM+J),365,0.1,0
07,13,2023,Recortes Cero (RECORTES CERO),233,0.1,0
01,14,2023,Censo,645288,,
01,14,2023,Votantes,455564,70.6,
01,14,2023,Nulos,6962,,
01,14,2023,V&aacute;lidos,448602,,
01,14,2023,Blancos,4348,,
01,14,2023,Partido Popular (PP),169976,37.9,2
01,14,2023,Partido Socialista Obrero Espa&ntilde;ol (PSOE),144080,32.1,2
01,14,2023,VOX (VOX),62526,13.9,1
01,14,2023,Sumar (SUMAR),61594,13.7,1
01,14,2023,Partido Animalista con el Medio Ambiente (PACMA),2699,0.6,0
01,14,2023,Frente Obrero (FO),701,0.2,0
01,14,2023,Por un Mundo m&aacute;s Justo (PUM+J),598,0.1,0
01,14,2023,Recortes Cero (RECORTES CERO),392,0.1,0
01,14,2023,Otros,1688,0.4,0
11,15,2023,Censo,1085673,,
11,15,2023,Votantes,683187,62.9,
11,15,2023,Nulos,5485,,
11,15,2023,V&aacute;lidos,677702,,
11,15,2023,Blancos,5197,,
11,15,2023,Partido Popular (PP),292272,43.1,4
11,15,2023,Partido dos Socialistas de Galicia-PSOE (PSdeG-PSOE),190897,28.2,2
11,15,2023,Sumar (SUMAR),82618,12.2,1
11,15,2023,Bloque Nacionalista Galego (BNG),67653,10.0,1
11,15,2023,VOX (VOX),34410,5.1,0
11,15,2023,Partido Animalista con el Medio Ambiente (PACMA),3096,0.5,0
11,15,2023,Frente Obrero (FO),1011,0.1,0
11,15,2023,Recortes Cero (RECORTES CERO),548,0.1,0
07,16,2023,Censo,152694,,
07,16,2023,Votantes,115280,75.5,
07,16,2023,Nulos,1472,,
07,16,2023,V&aacute;lidos,113808,,
07,16,2023,Blancos,969,,
07,16,2023,Partido Popular (PP),45255,39.8,2
07,16,2023,Partido Socialista Obrero Espa&ntilde;ol (PSOE),42528,37.4,1
07,16,2023,VOX (VOX),17700,15.6,0
07,16,2023,Sumar (SUMAR),6325,5.6,0
07,16,2023,Partido Animalista con el Medio Ambiente (PACMA),387,0.3,0
07,16,2023,Frente Obrero (FO),207,0.2,0
07,16,2023,Por un Mundo m&aacute;s Justo (PUM+J),111,0.1,0
07,16,2023,Recortes Cero (RECORTES CERO),58,0.1,0
07,16,2023,Otros,268,0.2,0
09,17,2023,Censo,546370,,
09,17,2023,Votantes,327159,59.9,
09,17,2023,Nulos,4171,,
09,17,2023,V&aacute;lidos,322988,,
09,17,2023,Blancos,2981,,
09,17,2023,Partit dels Socialistes de Catalunya (PSC-PSOE),93448,28.9,2
09,17,2023,Junts (JUNTS),63251,19.6,2
09,17,2023,Esquerra Republicana de Catalunya (ERC),47531,14.7,1
09,17,2023,Sumar - En Com&uacute; Podem (SUMAR - ECP),35344,10.9,1
09,17,2023,Partido Popular (PP),31341,9.7,0
09,17,2023,VOX (VOX),22706,7.0,0
09,17,2023,Candidatura d'Unitat Popular-Per la Ruptura (CUP-PR),18229,5.6,0
09,17,2023,Partido Animalista con el Medio Ambiente (PACMA),3531,1.1,0
09,17,2023,Partit Dem&ograve;crata Europeu Catal&agrave;-Espai CIU (PDeCAT-E-CiU),3388,1.0,0
09,17,2023,Frente Obrero (FO),570,0.2,0
09,17,2023,Recortes Cero (RECORTES CERO),248,0.1,0
09,17,2023,Otros,420,0.1,0
01,18,2023,Censo,765478,,
01,18,2023,Votantes,509486,66.6,
01,18,2023,Nulos,6641,,
01,18,2023,V&aacute;lidos,502845,,
01,18,2023,Blancos,4057,,
01,18,2023,Partido Popular (PP),185996,37.0,3
01,18,2023,Partido Socialista Obrero Espa&ntilde;ol (PSOE),165862,33.0,2
01,18,2023,VOX (VOX),81080,16.1,1
01,18,2023,Sumar (SUMAR),58567,11.6,1
01,18,2023,Partido Animalista con el Medio Ambiente (PACMA),3143,0.6,0
01,18,2023,Por un Mundo m&aacute;s Justo (PUM+J),765,0.2,0
01,18,2023,Frente Obrero (FO),658,0.1,0
01,18,2023,Recortes Cero (RECORTES CERO),343,0.1,0
01,18,2023,Otros,2374,0.5,0
07,19,2023,Censo,196983,,
07,19,2023,Votantes,142744,72.5,
07,19,2023,Nulos,1831,,
07,19,2023,V&aacute;lidos,140913,,
07,19,2023,Blancos,1143,,
07,19,2023,Partido Popular (PP),51195,36.3,1
07,19,2023,Partido Socialista Obrero Espa&ntilde;ol (PSOE),46479,33.0,1
07,19,2023,VOX (VOX),27126,19.3,1
07,19,2023,Sumar (SUMAR),12907,9.2,0
07,19,2023,Partido Animalista con el Medio Ambiente (PACMA),1039,0.7,0
07,19,2023,Frente Obrero (FO),304,0.2,0
07,19,2023,Por un Mundo m&aacute;s Justo (PUM+J),249,0.2,0
07,19,2023,Recortes Cero (RECORTES CERO),162,0.1,0
07,19,2023,Otros,309,0.2,0
14,20,2023,Censo,585873,,
14,20,2023,Votantes,378965,64.7,
14,20,2023,Nulos,2344,,
14,20,2023,V&aacute;lidos,376621,,
14,20,2023,Blancos,2005,,
14,20,2023,Euskal Herria Bildu (EH Bildu),117321,31.2,2
14,20,2023,Partido Socialista de Euskadi-Euskadiko Ezkerra (PSE-EE/PSOE),87709,23.3,2
14,20,2023,Euzko Alderdi Jeltzalea-Partido Nacionalista Vasco (EAJ-PNV),85026,22.6,2
14,20,2023,Sumar (SUMAR),40081,10.6,0
14,20,2023,Partido Popular (PP),32721,8.7,0
14,20,2023,VOX (VOX),7877,2.1,0
14,20,2023,Partido Animalista con el Medio Ambiente (PACMA),1568,0.4,0
14,20,2023,Frente Obrero (FO),530,0.1,0
14,20,2023,Recortes Cero (RECORTES CERO),442,0.1,0
14,20,2023,Por un Mundo m&aacute;s Justo (PUM+J),149,0.0,0
14,20,2023,Otros,1192,0.3,0
01,21,2023,Censo,402504,,
01,21,2023,Votantes,260861,64.8,
01,21,2023,Nulos,4057,,
01,21,2023,V&aacute;lidos,256804,,
01,21,2023,Blancos,2410,,
01,21,2023,Partido Popular (PP),93565,36.4,2
01,21,2023,Partido Socialista Obrero Espa&ntilde;ol (PSOE),92326,36.0,2
01,21,2023,VOX (VOX),37572,14.6,1
01,21,2023,Sumar (SUMAR),26752,10.4,0
01,21,2023,Partido Animalista con el Medio Ambiente (PACMA),1663,0.6,0
01,21,2023,Por un Mundo m&aacute;s Justo (PUM+J),368,0.1,0
01,21,2023,Recortes Cero (RECORTES CERO),217,0.1,0
01,21,2023,Otros,1931,0.8,0
02,22,2023,Censo,173391,,
02,22,2023,Votantes,121148,69.9,
02,22,2023,Nulos,1253,,
02,22,2023,V&aacute;lidos,119895,,
02,22,2023,Blancos,1217,,
02,22,2023,Partido Popular (PP),45783,38.2,2
02,22,2023,Partido Socialista Obrero Espa&ntilde;ol (PSOE),40307,33.6,1
02,22,2023,VOX (VOX),15155,12.6,0
02,22,2023,Sumar (SUMAR),13774,11.5,0
02,22,2023,Coalici&oacute;n Existe (EXISTE),1312,1.1,0
02,22,2023,Partido Animalista con el Medio Ambiente (PACMA),498,0.4,0
02,22,2023,Frente Obrero (FO),258,0.2,0
02,22,2023,Por un Mundo m&aacute;s Justo (PUM+J),114,0.1,0
02,22,2023,Recortes Cero (RECORTES CERO),64,0.1,0
02,22,2023,Otros,1413,1.2,0
01,23,2023,Censo,518371,,
01,23,2023,Votantes,373657,72.1,
01,23,2023,Nulos,4926,,
01,23,2023,V&aacute;lidos,368731,,
01,23,2023,Blancos,2497,,
01,23,2023,Partido Popular (PP),137617,37.3,2
01,23,2023,Partido Socialista Obrero Espa&ntilde;ol (PSOE),133819,36.3,2
01,23,2023,VOX (VOX),54400,14.8,1
01,23,2023,Sumar (SUMAR),29461,8.0,0
01,23,2023,Partido Animalista con el Medio Ambiente (PACMA),1671,0.5,0
01,23,2023,Frente Obrero (FO),410,0.1,0
01,23,2023,Por un Mundo m&aacute;s Justo (PUM+J),360,0.1,0
01,23,2023,Recortes Cero (RECORTES CERO),203,0.1,0
01,23,2023,Otros,8293,2.2,0
08,24,2023,Censo,422917,,
08,24,2023,Votantes,277726,65.7,
08,24,2023,Nulos,2486,,
08,24,2023,V&aacute;lidos,275240,,
08,24,2023,Blancos,1577,,
08,24,2023,Partido Popular (PP),101605,36.9,2
08,24,2023,Partido Socialista Obrero Espa&ntilde;ol (PSOE),92578,33.6,2
08,24,2023,VOX (VOX),35451,12.9,0
08,24,2023,Uni&oacute;n del Pueblo Leon&eacute;s (UPL),22675,8.2,0
08,24,2023,Sumar (SUMAR),18577,6.7,0
08,24,2023,Partido Animalista con el Medio Ambiente (PACMA),895,0.3,0
08,24,2023,Frente Obrero (FO),541,0.2,0
08,24,2023,Por un Mundo m&aacute;s Justo (PUM+J),155,0.1,0
08,24,2023,Recortes Cero (RECORTES CERO),72,0.0,0
08,24,2023,Otros,1114,0.4,0
09,25,2023,Censo,317225,,
09,25,2023,Votantes,186929,58.9,
09,25,2023,Nulos,2390,,
09,25,2023,V&aacute;lidos,184539,,
09,25,2023,Blancos,2059,,
09,25,2023,Partit dels Socialistes de Catalunya (PSC-PSOE),54414,29.5,2
09,25,2023,Esquerra Republicana de Catalunya (ERC),34331,18.6,1
09,25,2023,Junts (JUNTS),33228,18.0,1
09,25,2023,Partido Popular (PP),23699,12.8,0
09,25,2023,Sumar - En Com&uacute; Podem (SUMAR - ECP),14561,7.9,0
09,25,2023,VOX (VOX),12560,6.8,0
09,25,2023,Candidatura d'Unitat Popular-Per la Ruptura (CUP-PR),5449,3.0,0
09,25,2023,Partit Dem&ograve;crata Europeu Catal&agrave;-Espai CIU (PDeCAT-E-CiU),1865,1.0,0
09,25,2023,Partido Animalista con el Medio Ambiente (PACMA),1352,0.7,0
09,25,2023,Frente Obrero (FO),247,0.1,0
09,25,2023,Recortes Cero (RECORTES CERO),120,0.1,0
09,25,2023,Otros,654,0.4,0
16,26,2023,Censo,252091,,
16,26,2023,Votantes,176945,70.2,
16,26,2023,Nulos,2282,,
16,26,2023,V&aacute;lidos,174663,,
16,26,2023,Blancos,1608,,
16,26,2023,Partido Popular (PP),79715,45.6,2
16,26,2023,Partido Socialista Obrero Espa&ntilde;ol (PSOE),62322,35.7,2
16,26,2023,VOX (VOX),17056,9.8,0
16,26,2023,Sumar (SUMAR),11470,6.6,0
16,26,2023,Partido Animalista con el Medio Ambiente (PACMA),723,0.4,0
16,26,2023,Frente Obrero (FO),295,0.2,0
16,26,2023,Por un Mundo m&aacute;s Justo (PUM+J),232,0.1,0
16,26,2023,Recortes Cero (RECORTES CERO),124,0.1,0
16,26,2023,Otros,1118,0.6,0
11,27,2023,Censo,337755,,
11,27,2023,Votantes,200709,59.4,
11,27,2023,Nulos,2143,,
11,27,2023,V&aacute;lidos,198566,,
11,27,2023,Blancos,1251,,
11,27,2023,Partido Popular (PP),99769,50.2,3
11,27,2023,Partido dos Socialistas de Galicia-PSOE (PSdeG-PSOE),60163,30.3,1
11,27,2023,Bloque Nacionalista Galego (BNG),17197,8.7,0
11,27,2023,Sumar (SUMAR),10287,5.2,0
11,27,2023,VOX (VOX),8643,4.4,0
11,27,2023,Partido Animalista con el Medio Ambiente (PACMA),645,0.3,0
11,27,2023,Frente Obrero (FO),233,0.1,0
11,27,2023,Por un Mundo m&aacute;s Justo (PUM+J),149,0.1,0
11,27,2023,Recortes Cero (RECORTES CERO),113,0.1,0
11,27,2023,Otros,116,0.1,0
12,28,2023,Censo,5224561,,
12,28,2023,Votantes,3639500,69.7,
12,28,2023,Nulos,30827,,
12,28,2023,V&aacute;lidos,3608673,,
12,28,2023,Blancos,28960,,
12,28,2023,Partido Popular (PP),1463183,40.5,16
12,28,2023,Partido Socialista Obrero Espa&ntilde;ol (PSOE),1004599,27.8,10
12,28,2023,Sumar (SUMAR),557780,15.5,6
12,28,2023,VOX (VOX),506164,14.0,5
12,28,2023,Partido Animalista con el Medio Ambiente (PACMA),21742,0.6,0
12,28,2023,Frente Obrero (FO),7652,0.2,0
12,28,2023,Por un Mundo m&aacute;s Justo (PUM+J),6749,0.2,0
12,28,2023,Recortes Cero (RECORTES CERO),3784,0.1,0
12,28,2023,Otros,8060,0.2,0
01,29,2023,Censo,1239846,,
01,29,2023,Votantes,798557,64.4,
01,29,2023,Nulos,10219,,
01,29,2023,V&aacute;lidos,788338,,
01,29,2023,Blancos,7509,,
01,29,2023,Partido Popular (PP),302000,38.3,5
01,29,2023,Partido Socialista Obrero Espa&ntilde;ol (PSOE),239172,30.3,3
01,29,2023,VOX (VOX),129758,16.5,2
01,29,2023,Sumar (SUMAR),96652,12.3,1
01,29,2023,Partido Animalista con el Medio Ambiente (PACMA),8487,1.1,0
01,29,2023,Frente Obrero (FO),1662,0.2,0
01,29,2023,Por un Mundo m&aacute;s Justo (PUM+J),1519,0.2,0
01,29,2023,Recortes Cero (RECORTES CERO),888,0.1,0
01,29,2023,Otros,691,0.1,0
15,30,2023,Censo,1099703,,
15,30,2023,Votantes,755255,68.7,
15,30,2023,Nulos,7458,,
15,30,2023,V&aacute;lidos,747797,,
15,30,2023,Blancos,5034,,
15,30,2023,Partido Popular (PP),307972,41.2,4
15,30,2023,Partido Socialista Obrero Espa&ntilde;ol (PSOE),189210,25.3,3
15,30,2023,VOX (VOX),163124,21.8,2
15,30,2023,Sumar (SUMAR),71578,9.6,1
15,30,2023,Partido Animalista con el Medio Ambiente (PACMA),5063,0.7,0
15,30,2023,Frente Obrero (FO),1201,0.2,0
15,30,2023,Recortes Cero (RECORTES CERO),546,0.1,0
15,30,2023,Otros,4069,0.5,0
13,31,2023,Censo,519918,,
13,31,2023,Votantes,345095,66.4,
13,31,2023,Nulos,3251,,
13,31,2023,V&aacute;lidos,341844,,
13,31,2023,Blancos,2890,,
13,31,2023,Partido Socialista Obrero Espa&ntilde;ol (PSOE),93553,27.4,2
13,31,2023,Euskal Herria Bildu (EH Bildu),58954,17.2,1
13,31,2023,Partido Popular (PP),57134,16.7,1
13,31,2023,Uni&oacute;n del Pueblo Navarro (UPN),52188,15.3,1
13,31,2023,Sumar (SUMAR),43922,12.8,0
13,31,2023,VOX (VOX),19491,5.7,0
13,31,2023,Partido Animalista con el Medio Ambiente (PACMA),1530,0.4,0
13,31,2023,Por un Mundo m&aacute;s Justo (PUM+J),1002,0.3,0
13,31,2023,Frente Obrero (FO),679,0.2,0
13,31,2023,Recortes Cero (RECORTES CERO),252,0.1,0
13,31,2023,Otros,10249,3.0,0
11,32,2023,Censo,355765,,
11,32,2023,Votantes,188065,52.9,
11,32,2023,Nulos,1794,,
11,32,2023,V&aacute;lidos,186271,,
11,32,2023,Blancos,1109,,
11,32,2023,Partido Popular (PP),93182,50.0,3
11,32,2023,Partido dos Socialistas de Galicia-PSOE (PSdeG-PSOE),56035,30.1,1
11,32,2023,Bloque Nacionalista Galego (BNG),15317,8.2,0
11,32,2023,Sumar (SUMAR),10171,5.5,0
11,32,2023,VOX (VOX),9080,4.9,0
11,32,2023,Partido Animalista con el Medio Ambiente (PACMA),700,0.4,0
11,32,2023,Frente Obrero (FO),182,0.1,0
11,32,2023,Por un Mundo m&aacute;s Justo (PUM+J),144,0.1,0
11,32,2023,Recortes Cero (RECORTES CERO),97,0.1,0
11,32,2023,Otros,254,0.1,0
03,33,2023,Censo,959023,,
03,33,2023,Votantes,603183,62.9,
03,33,2023,Nulos,6151,,
03,33,2023,V&aacute;lidos,597032,,
03,33,2023,Blancos,6079,,
03,33,2023,Partido Popular (PP),212816,35.6,3
03,33,2023,Partido Socialista Obrero Espa&ntilde;ol (PSOE),205049,34.3,2
03,33,2023,Sumar (SUMAR),88630,14.8,1
03,33,2023,VOX (VOX),74571,12.5,1
03,33,2023,Partido Animalista con el Medio Ambiente (PACMA),3167,0.5,0
03,33,2023,Frente Obrero (FO),1176,0.2,0
03,33,2023,Por un Mundo m&aacute;s Justo (PUM+J),773,0.1,0
03,33,2023,Recortes Cero (RECORTES CERO),590,0.1,0
03,33,2023,Otros,4181,0.7,0
08,34,2023,Censo,137642,,
08,34,2023,Votantes,98079,71.3,
08,34,2023,Nulos,1117,,
08,34,2023,V&aacute;lidos,96962,,
08,34,2023,Blancos,833,,
08,34,2023,Partido Popular (PP),40709,42.0,2
08,34,2023,Partido Socialista Obrero Espa&ntilde;ol (PSOE),33613,34.7,1
08,34,2023,VOX (VOX),12504,12.9,0
08,34,2023,Sumar (SUMAR),5877,6.1,0
08,34,2023,Partido Animalista con el Medio Ambiente (PACMA),295,0.3,0
08,34,2023,Frente Obrero (FO),139,0.1,0
08,34,2023,Por un Mundo m&aacute;s Justo (PUM+J),99,0.1,0
08,34,2023,Recortes Cero (RECORTES CERO),42,0.0,0
08,34,2023,Otros,2851,2.9,0
05,35,2023,Censo,898882,,
05,35,2023,Votantes,534912,59.5,
05,35,2023,Nulos,5575,,
05,35,2023,V&aacute;lidos,529337,,
05,35,2023,Blancos,3062,,
05,35,2023,Partido Socialista Obrero Espa&ntilde;ol (PSOE),175671,33.2,3
05,35,2023,Partido Popular (PP),136857,25.9,3
05,35,2023,VOX (VOX),77343,14.6,1
05,35,2023,Sumar (SUMAR),54369,10.3,1
05,35,2023,Nueva Canarias-Bloque Canarista (NC-bc),42430,8.0,0
05,35,2023,Coalici&oacute;n Canaria (CCa),33558,6.3,0
05,35,2023,Partido Animalista con el Medio Ambiente (PACMA),3570,0.7,0
05,35,2023,Frente Obrero (FO),635,0.1,0
05,35,2023,Por un Mundo m&aacute;s Justo (PUM+J),563,0.1,0
05,35,2023,Recortes Cero (RECORTES CERO),396,0.1,0
05,35,2023,Otros,883,0.2,0
11,36,2023,Censo,909434,,
11,36,2023,Votantes,579125,63.7,
11,36,2023,Nulos,6001,,
11,36,2023,V&aacute;lidos,573124,,
11,36,2023,Blancos,3865,,
11,36,2023,Partido Popular (PP),227658,39.7,3
11,36,2023,Partido dos Socialistas de Galicia-PSOE (PSdeG-PSOE),179737,31.4,3
11,36,2023,Sumar (SUMAR),75615,13.2,1
11,36,2023,Bloque Nacionalista Galego (BNG),53828,9.4,0
11,36,2023,VOX (VOX),27539,4.8,0
11,36,2023,Partido Animalista con el Medio Ambiente (PACMA),3003,0.5,0
11,36,2023,Frente Obrero (FO),884,0.2,0
11,36,2023,Recortes Cero (RECORTES CERO),510,0.1,0
11,36,2023,Otros,485,0.1,0
08,37,2023,Censo,300506,,
08,37,2023,Votantes,201419,67.0,
08,37,2023,Nulos,2309,,
08,37,2023,V&aacute;lidos,199110,,
08,37,2023,Blancos,1649,,
08,37,2023,Partido Popular (PP),93318,46.9,3
08,37,2023,Partido Socialista Obrero Espa&ntilde;ol (PSOE),60718,30.5,1
08,37,2023,VOX (VOX),29203,14.7,0
08,37,2023,Sumar (SUMAR),11012,5.5,0
08,37,2023,Partido Animalista con el Medio Ambiente (PACMA),631,0.3,0
08,37,2023,Frente Obrero (FO),278,0.1,0
08,37,2023,Por un Mundo m&aacute;s Justo (PUM+J),205,0.1,0
08,37,2023,Recortes Cero (RECORTES CERO),80,0.0,0
08,37,2023,Otros,2016,1.0,0
05,38,2023,Censo,881217,,
05,38,2023,Votantes,500777,56.8,
05,38,2023,Nulos,6404,,
05,38,2023,V&aacute;lidos,494373,,
05,38,2023,Blancos,5088,,
05,38,2023,Partido Popular (PP),174770,35.4,3
05,38,2023,Partido Socialista Obrero Espa&ntilde;ol (PSOE),165590,33.5,3
05,38,2023,Coalici&oacute;n Canaria (CCa),82805,16.7,1
05,38,2023,Sumar (SUMAR),53632,10.8,0
05,38,2023,Partido Animalista con el Medio Ambiente (PACMA),6147,1.2,0
05,38,2023,Nueva Canarias-Bloque Canarista (NC-bc),3165,0.6,0
05,38,2023,Frente Obrero (FO),1619,0.3,0
05,38,2023,Recortes Cero (RECORTES CERO),766,0.2,0
05,38,2023,Otros,791,0.2,0
06,39,2023,Censo,507818,,
06,39,2023,Votantes,355145,69.9,
06,39,2023,Nulos,4995,,
06,39,2023,V&aacute;lidos,350150,,
06,39,2023,Blancos,3262,,
06,39,2023,Partido Popular (PP),147326,42.1,2
06,39,2023,Partido Socialista Obrero Espa&ntilde;ol (PSOE),116596,33.3,2
06,39,2023,VOX (VOX),49243,14.1,1
06,39,2023,Sumar (SUMAR),29713,8.5,0
06,39,2023,Partido Animalista con el Medio Ambiente (PACMA),2089,0.6,0
06,39,2023,Frente Obrero (FO),790,0.2,0
06,39,2023,Recortes Cero (RECORTES CERO),533,0.2,0
06,39,2023,Otros,598,0.2,0
08,40,2023,Censo,119454,,
08,40,2023,Votantes,89945,75.3,
08,40,2023,Nulos,1332,,
08,40,2023,V&aacute;lidos,88613,,
08,40,2023,Blancos,875,,
08,40,2023,Partido Popular (PP),39894,45.0,2
08,40,2023,Partido Socialista Obrero Espa&ntilde;ol (PSOE),27113,30.6,1
08,40,2023,VOX (VOX),12510,14.1,0
08,40,2023,Sumar (SUMAR),7137,8.1,0
08,40,2023,Partido Animalista con el Medio Ambiente (PACMA),307,0.3,0
08,40,2023,Frente Obrero (FO),183,0.2,0
08,40,2023,Por un Mundo m&aacute;s Justo (PUM+J),136,0.2,0
08,40,2023,Recortes Cero (RECORTES CERO),64,0.1,0
08,40,2023,Otros,394,0.4,0
01,41,2023,Censo,1564082,,
01,41,2023,Votantes,1075133,68.7,
01,41,2023,Nulos,15775,,
01,41,2023,V&aacute;lidos,1059358,,
01,41,2023,Blancos,10951,,
01,41,2023,Partido Socialista Obrero Espa&ntilde;ol (PSOE),387760,36.6,5
01,41,2023,Partido Popular (PP),353663,33.4,4
01,41,2023,Sumar (SUMAR),148745,14.0,2
01,41,2023,VOX (VOX),141087,13.3,1
01,41,2023,Partido Animalista con el Medio Ambiente (PACMA),9288,0.9,0
01,41,2023,Frente Obrero (FO),1950,0.2,0
01,41,2023,Por un Mundo m&aacute;s Justo (PUM+J),1765,0.2,0
01,41,2023,Recortes Cero (RECORTES CERO),1034,0.1,0
01,41,2023,Otros,3115,0.3,0
08,42,2023,Censo,75768,,
08,42,2023,Votantes,51157,67.5,
08,42,2023,Nulos,388,,
08,42,2023,V&aacute;lidos,50769,,
08,42,2023,Blancos,285,,
08,42,2023,Partido Popular (PP),18895,37.2,1
08,42,2023,Partido Socialista Obrero Espa&ntilde;ol (PSOE),14966,29.5,1
08,42,2023,VOX (VOX),4978,9.8,0
08,42,2023,Sumar (SUMAR),1711,3.4,0
08,42,2023,Partido Animalista con el Medio Ambiente (PACMA),94,0.2,0
08,42,2023,Frente Obrero (FO),68,0.1,0
08,42,2023,Por un Mundo m&aacute;s Justo (PUM+J),23,0.0,0
08,42,2023,Recortes Cero (RECORTES CERO),9,0.0,0
08,42,2023,Otros,9740,19.2,0
09,43,2023,Censo,596689,,
09,43,2023,Votantes,372426,62.4,
09,43,2023,Nulos,4402,,
09,43,2023,V&aacute;lidos,368024,,
09,43,2023,Blancos,3168,,
09,43,2023,Partit dels Socialistes de Catalunya (PSC-PSOE),121126,32.9,2
09,43,2023,Esquerra Republicana de Catalunya (ERC),55461,15.1,1
09,43,2023,Partido Popular (PP),51061,13.9,1
09,43,2023,Sumar - En Com&uacute; Podem (SUMAR - ECP),41719,11.3,1
09,43,2023,Junts (JUNTS),40791,11.1,1
09,43,2023,VOX (VOX),38039,10.3,0
09,43,2023,Candidatura d'Unitat Popular-Per la Ruptura (CUP-PR),8700,2.4,0
09,43,2023,Partido Animalista con el Medio Ambiente (PACMA),3797,1.0,0
09,43,2023,Partit Dem&ograve;crata Europeu Catal&agrave;-Espai CIU (PDeCAT-E-CiU),2311,0.6,0
09,43,2023,Frente Obrero (FO),661,0.2,0
09,43,2023,Recortes Cero (RECORTES CERO),267,0.1,0
09,43,2023,Otros,923,0.3,0
02,44,2023,Censo,106352,,
02,44,2023,Votantes,76561,72.0,
02,44,2023,Nulos,648,,
02,44,2023,V&aacute;lidos,75913,,
02,44,2023,Blancos,410,,
02,44,2023,Partido Popular (PP),26586,35.0,2
02,44,2023,Partido Socialista Obrero Espa&ntilde;ol (PSOE),22226,29.3,1
02,44,2023,Coalici&oacute;n Existe (EXISTE),11348,14.9,0
02,44,2023,VOX (VOX),9932,13.1,0
02,44,2023,Sumar (SUMAR),4126,5.4,0
02,44,2023,Partido Animalista con el Medio Ambiente (PACMA),172,0.2,0
02,44,2023,Frente Obrero (FO),94,0.1,0
02,44,2023,Recortes Cero (RECORTES CERO),49,0.1,0
02,44,2023,Por un Mundo m&aacute;s Justo (PUM+J),36,0.0,0
02,44,2023,Otros,934,1.2,0
07,45,2023,Censo,542567,,
07,45,2023,Votantes,392988,72.4,
07,45,2023,Nulos,5788,,
07,45,2023,V&aacute;lidos,387200,,
07,45,2023,Blancos,2611,,
07,45,2023,Partido Popular (PP),146533,37.8,3
07,45,2023,Partido Socialista Obrero Espa&ntilde;ol (PSOE),126072,32.6,2
07,45,2023,VOX (VOX),76044,19.6,1
07,45,2023,Sumar (SUMAR),31876,8.2,0
07,45,2023,Partido Animalista con el Medio Ambiente (PACMA),2024,0.5,0
07,45,2023,Frente Obrero (FO),985,0.3,0
07,45,2023,Por un Mundo m&aacute;s Justo (PUM+J),499,0.1,0
07,45,2023,Recortes Cero (RECORTES CERO),275,0.1,0
07,45,2023,Otros,281,0.1,0
17,46,2023,Censo,1999340,,
17,46,2023,Votantes,1451187,72.6,
17,46,2023,Nulos,14026,,
17,46,2023,V&aacute;lidos,1437161,,
17,46,2023,Blancos,10810,,
17,46,2023,Partido Popular (PP),483469,33.6,6
17,46,2023,Partido Socialista Obrero Espa&ntilde;ol (PSOE),461353,32.1,5
17,46,2023,Comprom&iacute;s - Sumar (SUMAR - COMPROM&Iacute;S) ,242839,16.9,3
17,46,2023,VOX (VOX),218657,15.2,2
17,46,2023,Partido Animalista con el Medio Ambiente (PACMA),10334,0.7,0
17,46,2023,Frente Obrero (FO),2919,0.2,0
17,46,2023,Por un Mundo m&aacute;s Justo (PUM+J),1778,0.1,0
17,46,2023,Recortes Cero (RECORTES CERO),1773,0.1,0
17,46,2023,Otros,3229,0.2,0
08,47,2023,Censo,431381,,
08,47,2023,Votantes,319312,74.0,
08,47,2023,Nulos,3003,,
08,47,2023,V&aacute;lidos,316309,,
08,47,2023,Blancos,2419,,
08,47,2023,Partido Popular (PP),129170,40.8,2
08,47,2023,Partido Socialista Obrero Espa&ntilde;ol (PSOE),103596,32.8,2
08,47,2023,VOX (VOX),47948,15.2,1
08,47,2023,Sumar (SUMAR),28049,8.9,0
08,47,2023,Partido Animalista con el Medio Ambiente (PACMA),1105,0.3,0
08,47,2023,Frente Obrero (FO),601,0.2,0
08,47,2023,Por un Mundo m&aacute;s Justo (PUM+J),376,0.1,0
08,47,2023,Recortes Cero (RECORTES CERO),159,0.1,0
08,47,2023,Otros,2886,0.9,0
14,48,2023,Censo,942983,,
14,48,2023,Votantes,614944,65.2,
14,48,2023,Nulos,5251,,
14,48,2023,V&aacute;lidos,609693,,
14,48,2023,Blancos,3391,,
14,48,2023,Euzko Alderdi Jeltzalea-Partido Nacionalista Vasco (EAJ-PNV),164188,26.9,2
14,48,2023,Partido Socialista de Euskadi-Euskadiko Ezkerra (PSE-EE/PSOE),157448,25.8,2
14,48,2023,Euskal Herria Bildu (EH Bildu),125867,20.6,2
14,48,2023,Partido Popular (PP),70533,11.6,1
14,48,2023,Sumar (SUMAR),66592,10.9,1
14,48,2023,VOX (VOX),16069,2.6,0
14,48,2023,Partido Animalista con el Medio Ambiente (PACMA),2729,0.4,0
14,48,2023,Frente Obrero (FO),929,0.2,0
14,48,2023,Por un Mundo m&aacute;s Justo (PUM+J),804,0.1,0
14,48,2023,Recortes Cero (RECORTES CERO),525,0.1,0
14,48,2023,Otros,618,0.1,0
08,49,2023,Censo,162998,,
08,49,2023,Votantes,104671,64.2,
08,49,2023,Nulos,1261,,
08,49,2023,V&aacute;lidos,103410,,
08,49,2023,Blancos,922,,
08,49,2023,Partido Popular (PP),46196,44.7,2
08,49,2023,Partido Socialista Obrero Espa&ntilde;ol (PSOE),33601,32.5,1
08,49,2023,VOX (VOX),13652,13.2,0
08,49,2023,Sumar (SUMAR),5839,5.6,0
08,49,2023,Uni&oacute;n del Pueblo Leones (UPL),526,0.5,0
08,49,2023,Partido Animalista con el Medio Ambiente (PACMA),313,0.3,0
08,49,2023,Frente Obrero (FO),121,0.1,0
08,49,2023,Por un Mundo m&aacute;s Justo (PUM+J),81,0.1,0
08,49,2023,Recortes Cero (RECORTES CERO),50,0.0,0
08,49,2023,Otros,2109,2.0,0
02,50,2023,Censo,740060,,
02,50,2023,Votantes,523410,70.7,
02,50,2023,Nulos,4705,,
02,50,2023,V&aacute;lidos,518705,,
02,50,2023,Blancos,4693,,
02,50,2023,Partido Popular (PP),186776,36.0,3
02,50,2023,Partido Socialista Obrero Espa&ntilde;ol (PSOE),159858,30.8,2
02,50,2023,VOX (VOX),79376,15.3,1
02,50,2023,Sumar (SUMAR),69925,13.5,1
02,50,2023,Coalici&oacute;n Existe (EXISTE),7780,1.5,0
02,50,2023,Partido Animalista con el Medio Ambiente (PACMA),2428,0.5,0
02,50,2023,Frente Obrero (FO),1026,0.2,0
02,50,2023,Por un Mundo m&aacute;s Justo (PUM+J),419,0.1,0
02,50,2023,Recortes Cero (RECORTES CERO),306,0.1,0
02,50,2023,Otros,6118,1.2,0
18,51,2023,Censo,63310,,
18,51,2023,Votantes,33674,53.2,
18,51,2023,Nulos,353,,
18,51,2023,V&aacute;lidos,33321,,
18,51,2023,Blancos,328,,
18,51,2023,Partido Popular (PP),12918,38.8,1
18,51,2023,Partido Socialista Obrero Espa&ntilde;ol (PSOE),11332,34.0,0
18,51,2023,VOX (VOX),7752,23.3,0
18,51,2023,Sumar (SUMAR),821,2.5,0
18,51,2023,Frente Obrero (FO),53,0.2,0
18,51,2023,Recortes Cero (RECORTES CERO),33,0.1,0
18,51,2023,Por un Mundo m&aacute;s Justo (PUM+J),31,0.1,0
18,51,2023,Otros,53,0.2,0
19,52,2023,Censo,61118,,
19,52,2023,Votantes,27649,45.2,
19,52,2023,Nulos,300,,
19,52,2023,V&aacute;lidos,27349,,
19,52,2023,Blancos,253,,
19,52,2023,Partido Popular (PP),13446,49.2,1
19,52,2023,Partido Socialista Obrero Espa&ntilde;ol (PSOE),6943,25.4,0
19,52,2023,VOX (VOX),4359,15.9,0
19,52,2023,Sumar (SUMAR),827,3.0,0
19,52,2023,Partido Animalista con el Medio Ambiente (PACMA),160,0.6,0
19,52,2023,Por un Mundo m&aacute;s Justo (PUM+J),40,0.1,0
19,52,2023,Recortes Cero (RECORTES CERO),23,0.1,0
19,52,2023,Otros,1298,4.7,0